Policy|Firstname|Lastname|Mobile|ConfirmID
000000005|หนึ่ง|แผนเดี่ยว|0645935091|2|965031
000000006|สอง|แผนเดี่ยว|0645935091|2|965033
000000007|สาม|แผนเดี่ยว|0645935091|2|965034
000000008|สี่|แผนเดี่ยว|0645935091|2|965038
000000009|ห้า|แผนเดี่ยว|0645935091|2|965039
000000012|แปด|แผนเดี่ยว|0645935091|2|965043
000000015|สิบเอ็ด|แผนคู่สมรส|0645935091|2|965047
000000016|สิบสอง|แผนคู่สมรส|0645935091|2|965049
000000017|สิบสี่|แผนคู่สมรส|0645935091|2|965051
000000019|สิบห้า|แผนคู่สมรส|0645935091|2|965053
000000020|สิบหก|แผนคู่สมรส|0645935091|2|965056
000000021|สิบแปด|แผนคู่สมรส|0645935091|2|965058
