ลำดับ|ชื่อ|นามสกุล|วันเดือนปี|เบอร์โทร|
1|SupUOB01|SUPAIG1|10/04/2541|0981499149
|
2|SupUOB02|SUPAIG2|10/04/2542|0981499149
|
3|SupUOB03|SUPAIG3|10/04/2543|0981499149
|
4|SupUOB04|SUPAIG4|10/04/2544|0981499149
|
5|SupUOB05|SUPAIG5|10/04/2545|0981499149
|
6|SupUOB06|SUPAIG6|10/04/2546|0981499149
|
7|SupUOB07|SUPAIG7|10/04/2547|0981499149
|
8|SupUOB08|SUPAIG8|10/04/2548|0981499149
|
9|SupUOB09|SUPAIG9|10/04/2549|0981499149
|
10|SupUOB10|SUPAIG10|10/04/2550|0981499149
|
11|SupUOB11|SUPAIG11|10/04/2551|0981499149
|
12|SupUOB12|SUPAIG12|10/04/2552|0981499149
|
13|SupUOB13|SUPAIG13|10/04/2553|0981499149
|
14|SupUOB14|SUPAIG14|10/04/2554|0981499149
|
15|SupUOB15|SUPAIG15|10/04/2555|0981499149
|
16|SupUOB16|SUPAIG16|10/04/2556|0981499149
|
17|SupUOB17|SUPAIG17|10/04/2557|0981499149
|
18|SupUOB18|SUPAIG18|10/04/2558|0981499149
|
19|SupUOB19|SUPAIG19|10/04/2559|0981499149
|
20|SupUOB20|SUPAIG20|10/04/2560|0981499149
|
21|SupUOB21|SUPAIG21|10/04/2561|0981499149
|
22|SupUOB22|SUPAIG22|10/04/2562|0981499149
|
23|SupUOB23|SUPAIG23|10/04/2563|0981499149
|
24|SupUOB24|SUPAIG24|10/04/2564|0981499149
|
25|SupUOB25|SUPAIG25|10/04/2565|0981499149
|
26|SupUOB26|SUPAIG26|10/04/2566|0981499149
|
27|SupUOB27|SUPAIG27|10/04/2567|0981499149
|
28|SupUOB28|SUPAIG28|10/04/2568|0981499149
|
29|SupUOB29|SUPAIG29|10/04/2569|0981499149
|
30|SupUOB30|SUPAIG30|10/04/2570|0981499149
|
31|SupUOB31|SUPAIG31|10/04/2571|0981499149
|
32|SupUOB32|SUPAIG32|10/04/2572|0981499149
|
33|SupUOB33|SUPAIG33|10/04/2573|0981499149
|
34|SupUOB34|SUPAIG34|10/04/2574|0981499149
|
35|SupUOB35|SUPAIG35|10/04/2575|0981499149
|
36|SupUOB36|SUPAIG36|10/04/2576|0981499149
|
37|SupUOB37|SUPAIG37|10/04/2577|0981499149
|
38|SupUOB38|SUPAIG38|10/04/2578|0981499149
|
39|SupUOB39|SUPAIG39|10/04/2579|0981499149
|
40|SupUOB40|SUPAIG40|10/04/2580|0981499149
|
41|SupUOB41|SUPAIG41|10/04/2581|0981499149
|
42|SupUOB42|SUPAIG42|10/04/2582|0981499149
|
43|SupUOB43|SUPAIG43|10/04/2583|0981499149
|
44|SupUOB44|SUPAIG44|10/04/2584|0981499149
|
45|SupUOB45|SUPAIG45|10/04/2585|0981499149
|
46|SupUOB46|SUPAIG46|10/04/2586|0981499149
|
47|SupUOB47|SUPAIG47|10/04/2587|0981499149
|
48|SupUOB48|SUPAIG48|10/04/2588|0981499149
|
49|SupUOB49|SUPAIG49|10/04/2589|0981499149
|
50|SupUOB50|SUPAIG50|10/04/2590|0981499149
|
51|SupUOB51|SUPAIG51|10/04/2591|0981499149
|
52|SupUOB52|SUPAIG52|10/04/2592|0981499149
|
53|SupUOB53|SUPAIG53|10/04/2593|0981499149
|
54|SupUOB54|SUPAIG54|10/04/2594|0981499149
|
55|SupUOB55|SUPAIG55|10/04/2595|0981499149
|
56|SupUOB56|SUPAIG56|10/04/2596|0981499149
|
57|SupUOB57|SUPAIG57|10/04/2597|0981499149
|
58|SupUOB58|SUPAIG58|10/04/2598|0981499149
|
59|SupUOB59|SUPAIG59|10/04/2599|0981499149
|
60|SupUOB60|SUPAIG60|10/04/2600|0981499149
|
61|SupUOB61|SUPAIG61|10/04/2601|0981499149
|
62|SupUOB62|SUPAIG62|10/04/2602|0981499149
|
63|SupUOB63|SUPAIG63|10/04/2603|0981499149
|
64|SupUOB64|SUPAIG64|10/04/2604|0981499149
|
65|SupUOB65|SUPAIG65|10/04/2605|0981499149
|
66|SupUOB66|SUPAIG66|10/04/2606|0981499149
|
67|SupUOB67|SUPAIG67|10/04/2607|0981499149
|
68|SupUOB68|SUPAIG68|10/04/2608|0981499149
|
69|SupUOB69|SUPAIG69|10/04/2609|0981499149
|
70|SupUOB70|SUPAIG70|10/04/2610|0981499149
|
71|SupUOB71|SUPAIG71|10/04/2611|0981499149
|
72|SupUOB72|SUPAIG72|10/04/2612|0981499149
|
73|SupUOB73|SUPAIG73|10/04/2613|0981499149
|
74|SupUOB74|SUPAIG74|10/04/2614|0981499149
|
75|SupUOB75|SUPAIG75|10/04/2615|0981499149
|
76|SupUOB76|SUPAIG76|10/04/2616|0981499149
|
77|SupUOB77|SUPAIG77|10/04/2617|0981499149
|
78|SupUOB78|SUPAIG78|10/04/2618|0981499149
|
79|SupUOB79|SUPAIG79|10/04/2619|0981499149
|
80|SupUOB80|SUPAIG80|10/04/2620|0981499149
|
81|SupUOB81|SUPAIG81|10/04/2621|0981499149
|
82|SupUOB82|SUPAIG82|10/04/2622|0981499149
|
83|SupUOB83|SUPAIG83|10/04/2623|0981499149
|
84|SupUOB84|SUPAIG84|10/04/2624|0981499149
|
85|SupUOB85|SUPAIG85|10/04/2625|0981499149
|
86|SupUOB86|SUPAIG86|10/04/2626|0981499149
|
87|SupUOB87|SUPAIG87|10/04/2627|0981499149
|
88|SupUOB88|SUPAIG88|10/04/2628|0981499149
|
89|SupUOB89|SUPAIG89|10/04/2629|0981499149
|
90|SupUOB90|SUPAIG90|10/04/2630|0981499149
|
91|SupUOB91|SUPAIG91|10/04/2631|0981499149
|
92|SupUOB92|SUPAIG92|10/04/2632|0981499149
|
93|SupUOB93|SUPAIG93|10/04/2633|0981499149
|
94|SupUOB94|SUPAIG94|10/04/2634|0981499149
|
95|SupUOB95|SUPAIG95|10/04/2635|0981499149
|
96|SupUOB96|SUPAIG96|10/04/2636|0981499149
|
97|SupUOB97|SUPAIG97|10/04/2637|0981499149
|
98|SupUOB98|SUPAIG98|10/04/2638|0981499149
|
99|SupUOB99|SUPAIG99|10/04/2639|0981499149
|
100|SupUOB100|SUPAIG100|10/04/2640|0981499149
|
101|SupUOB101|SUPAIG101|10/04/2641|0981499149
|
102|SupUOB102|SUPAIG102|10/04/2642|0981499149
|
103|SupUOB103|SUPAIG103|10/04/2643|0981499149
|
104|SupUOB104|SUPAIG104|10/04/2644|0981499149
|
105|SupUOB105|SUPAIG105|10/04/2645|0981499149
|
106|SupUOB106|SUPAIG106|10/04/2646|0981499149
|
107|SupUOB107|SUPAIG107|10/04/2647|0981499149
|
108|SupUOB108|SUPAIG108|10/04/2648|0981499149
|
109|SupUOB109|SUPAIG109|10/04/2649|0981499149
|
110|SupUOB110|SUPAIG110|10/04/2650|0981499149
|
111|SupUOB111|SUPAIG111|10/04/2651|0981499149
|
112|SupUOB112|SUPAIG112|10/04/2652|0981499149
|
113|SupUOB113|SUPAIG113|10/04/2653|0981499149
|
114|SupUOB114|SUPAIG114|10/04/2654|0981499149
|
115|SupUOB115|SUPAIG115|10/04/2655|0981499149
|
116|SupUOB116|SUPAIG116|10/04/2656|0981499149
|
117|SupUOB117|SUPAIG117|10/04/2657|0981499149
|
118|SupUOB118|SUPAIG118|10/04/2658|0981499149
|
119|SupUOB119|SUPAIG119|10/04/2659|0981499149
|
120|SupUOB120|SUPAIG120|10/04/2660|0981499149
|
121|SupUOB121|SUPAIG121|10/04/2661|0981499149
|
122|SupUOB122|SUPAIG122|10/04/2662|0981499149
|
123|SupUOB123|SUPAIG123|10/04/2663|0981499149
|
124|SupUOB124|SUPAIG124|10/04/2664|0981499149
|
125|SupUOB125|SUPAIG125|10/04/2665|0981499149
|
126|SupUOB126|SUPAIG126|10/04/2666|0981499149
|
127|SupUOB127|SUPAIG127|10/04/2667|0981499149
|
128|SupUOB128|SUPAIG128|10/04/2668|0981499149
|
129|SupUOB129|SUPAIG129|10/04/2669|0981499149
|
130|SupUOB130|SUPAIG130|10/04/2670|0981499149
|
131|SupUOB131|SUPAIG131|10/04/2671|0981499149
|
132|SupUOB132|SUPAIG132|10/04/2672|0981499149
|
133|SupUOB133|SUPAIG133|10/04/2673|0981499149
|
134|SupUOB134|SUPAIG134|10/04/2674|0981499149
|
135|SupUOB135|SUPAIG135|10/04/2675|0981499149
|
136|SupUOB136|SUPAIG136|10/04/2676|0981499149
|
137|SupUOB137|SUPAIG137|10/04/2677|0981499149
|
138|SupUOB138|SUPAIG138|10/04/2678|0981499149
|
139|SupUOB139|SUPAIG139|10/04/2679|0981499149
|
140|SupUOB140|SUPAIG140|10/04/2680|0981499149
|
141|SupUOB141|SUPAIG141|10/04/2681|0981499149
|
142|SupUOB142|SUPAIG142|10/04/2682|0981499149
|
143|SupUOB143|SUPAIG143|10/04/2683|0981499149
|
144|SupUOB144|SUPAIG144|10/04/2684|0981499149
|
145|SupUOB145|SUPAIG145|10/04/2685|0981499149
|
146|SupUOB146|SUPAIG146|10/04/2686|0981499149
|
147|SupUOB147|SUPAIG147|10/04/2687|0981499149
|
148|SupUOB148|SUPAIG148|10/04/2688|0981499149
|
149|SupUOB149|SUPAIG149|10/04/2689|0981499149
|
150|SupUOB150|SUPAIG150|10/04/2690|0981499149
|
151|SupUOB151|SUPAIG151|10/04/2691|0981499149
|
152|SupUOB152|SUPAIG152|10/04/2692|0981499149
|
153|SupUOB153|SUPAIG153|10/04/2693|0981499149
|
154|SupUOB154|SUPAIG154|10/04/2694|0981499149
|
155|SupUOB155|SUPAIG155|10/04/2695|0981499149
|
156|SupUOB156|SUPAIG156|10/04/2696|0981499149
|
157|SupUOB157|SUPAIG157|10/04/2697|0981499149
|
158|SupUOB158|SUPAIG158|10/04/2698|0981499149
|
159|SupUOB159|SUPAIG159|10/04/2699|0981499149
|
160|SupUOB160|SUPAIG160|10/04/2700|0981499149
|
161|SupUOB161|SUPAIG161|10/04/2701|0981499149
|
162|SupUOB162|SUPAIG162|10/04/2702|0981499149
|
163|SupUOB163|SUPAIG163|10/04/2703|0981499149
|
164|SupUOB164|SUPAIG164|10/04/2704|0981499149
|
165|SupUOB165|SUPAIG165|10/04/2705|0981499149
|
166|SupUOB166|SUPAIG166|10/04/2706|0981499149
|
167|SupUOB167|SUPAIG167|10/04/2707|0981499149
|
168|SupUOB168|SUPAIG168|10/04/2708|0981499149
|
169|SupUOB169|SUPAIG169|10/04/2709|0981499149
|
170|SupUOB170|SUPAIG170|10/04/2710|0981499149
|
171|SupUOB171|SUPAIG171|10/04/2711|0981499149
|
172|SupUOB172|SUPAIG172|10/04/2712|0981499149
|
173|SupUOB173|SUPAIG173|10/04/2713|0981499149
|
174|SupUOB174|SUPAIG174|10/04/2714|0981499149
|
175|SupUOB175|SUPAIG175|10/04/2715|0981499149
|
176|SupUOB176|SUPAIG176|10/04/2716|0981499149
|
177|SupUOB177|SUPAIG177|10/04/2717|0981499149
|
178|SupUOB178|SUPAIG178|10/04/2718|0981499149
|
179|SupUOB179|SUPAIG179|10/04/2719|0981499149
|
180|SupUOB180|SUPAIG180|10/04/2720|0981499149
|
181|SupUOB181|SUPAIG181|10/04/2721|0981499149
|
182|SupUOB182|SUPAIG182|10/04/2722|0981499149
|
183|SupUOB183|SUPAIG183|10/04/2723|0981499149
|
184|SupUOB184|SUPAIG184|10/04/2724|0981499149
|
185|SupUOB185|SUPAIG185|10/04/2725|0981499149
|
186|SupUOB186|SUPAIG186|10/04/2726|0981499149
|
187|SupUOB187|SUPAIG187|10/04/2727|0981499149
|
188|SupUOB188|SUPAIG188|10/04/2728|0981499149
|
189|SupUOB189|SUPAIG189|10/04/2729|0981499149
|
190|SupUOB190|SUPAIG190|10/04/2730|0981499149
|
191|SupUOB191|SUPAIG191|10/04/2731|0981499149
|
192|SupUOB192|SUPAIG192|10/04/2732|0981499149
|
193|SupUOB193|SUPAIG193|10/04/2733|0981499149
|
194|SupUOB194|SUPAIG194|10/04/2734|0981499149
|
195|SupUOB195|SUPAIG195|10/04/2735|0981499149
|
196|SupUOB196|SUPAIG196|10/04/2736|0981499149
|
197|SupUOB197|SUPAIG197|10/04/2737|0981499149
|
198|SupUOB198|SUPAIG198|10/04/2738|0981499149
|
199|SupUOB199|SUPAIG199|10/04/2739|0981499149
|
