ลำดับ|คำนำหน้า|ชื่อ|นามสกุล|วันเดือนปี|เบอร์โทร
1|คุณ|SupUOB1|AIG01|1/1/1995|0981499149
2|คุณ|SupUOB2|AIG02|1/1/1995|0981499149
3|คุณ|SupUOB3|AIG03|1/1/1995|0981499149
4|คุณ|SupUOB4|AIG04|1/1/1995|0981499149
5|คุณ|SupUOB5|AIG05|1/1/1995|0981499149
6|คุณ|SupUOB6|AIG06|1/1/1995|0981499149
7|คุณ|SupUOB7|AIG07|1/1/1995|0981499149
8|คุณ|SupUOB8|AIG08|1/1/1995|0981499149
9|คุณ|SupUOB9|AIG09|1/1/1995|0981499149
10|คุณ|SupUOB10|AIG10|1/1/1995|0981499149
11|คุณ|SupUOB11|AIG11|1/1/1995|0981499149
12|คุณ|SupUOB12|AIG12|1/1/1995|0981499149
13|คุณ|SupUOB13|AIG13|1/1/1995|0981499149
14|คุณ|SupUOB14|AIG14|1/1/1995|0981499149
15|คุณ|SupUOB15|AIG15|1/1/1995|0981499149
16|คุณ|SupUOB16|AIG16|1/1/1995|0981499149
17|คุณ|SupUOB17|AIG17|1/1/1995|0981499149
18|คุณ|SupUOB18|AIG18|1/1/1995|0981499149
19|คุณ|SupUOB19|AIG19|1/1/1995|0981499149
20|คุณ|SupUOB20|AIG20|1/1/1995|0981499149
21|คุณ|SupUOB21|AIG21|1/1/1995|0981499149
22|คุณ|SupUOB22|AIG22|1/1/1995|0981499149
23|คุณ|SupUOB23|AIG23|1/1/1995|0981499149
24|คุณ|SupUOB24|AIG24|1/1/1995|0981499149
25|คุณ|SupUOB25|AIG25|1/1/1995|0981499149
26|คุณ|SupUOB26|AIG26|1/1/1995|0981499149
27|คุณ|SupUOB27|AIG27|1/1/1995|0981499149
28|คุณ|SupUOB28|AIG28|1/1/1995|0981499149
29|คุณ|SupUOB29|AIG29|1/1/1995|0981499149
30|คุณ|SupUOB30|AIG30|1/1/1995|0981499149
31|คุณ|SupUOB31|AIG31|1/1/1995|0981499149
32|คุณ|SupUOB32|AIG32|1/1/1995|0981499149
33|คุณ|SupUOB33|AIG33|1/1/1995|0981499149
34|คุณ|SupUOB34|AIG34|1/1/1995|0981499149
35|คุณ|SupUOB35|AIG35|1/1/1995|0981499149
36|คุณ|SupUOB36|AIG36|1/1/1995|0981499149
37|คุณ|SupUOB37|AIG37|1/1/1995|0981499149
38|คุณ|SupUOB38|AIG38|1/1/1995|0981499149
39|คุณ|SupUOB39|AIG39|1/1/1995|0981499149
40|คุณ|SupUOB40|AIG40|1/1/1995|0981499149
41|คุณ|SupUOB41|AIG41|1/1/1995|0981499149
42|คุณ|SupUOB42|AIG42|1/1/1995|0981499149
43|คุณ|SupUOB43|AIG43|1/1/1995|0981499149
44|คุณ|SupUOB44|AIG44|1/1/1995|0981499149
45|คุณ|SupUOB45|AIG45|1/1/1995|0981499149
46|คุณ|SupUOB46|AIG46|1/1/1995|0981499149
47|คุณ|SupUOB47|AIG47|1/1/1995|0981499149
48|คุณ|SupUOB48|AIG48|1/1/1995|0981499149
49|คุณ|SupUOB49|AIG49|1/1/1995|0981499149
50|คุณ|SupUOB50|AIG50|1/1/1995|0981499149
51|คุณ|SupUOB51|AIG51|1/1/1995|0981499149
52|คุณ|SupUOB52|AIG52|1/1/1995|0981499149
53|คุณ|SupUOB53|AIG53|1/1/1995|0981499149
54|คุณ|SupUOB54|AIG54|1/1/1995|0981499149
55|คุณ|SupUOB55|AIG55|1/1/1995|0981499149
56|คุณ|SupUOB56|AIG56|1/1/1995|0981499149
57|คุณ|SupUOB57|AIG57|1/1/1995|0981499149
58|คุณ|SupUOB58|AIG58|1/1/1995|0981499149
59|คุณ|SupUOB59|AIG59|1/1/1995|0981499149
60|คุณ|SupUOB60|AIG60|1/1/1995|0981499149
61|คุณ|SupUOB61|AIG61|1/1/1995|0981499149
62|คุณ|SupUOB62|AIG62|1/1/1995|0981499149
63|คุณ|SupUOB63|AIG63|1/1/1995|0981499149
64|คุณ|SupUOB64|AIG64|1/1/1995|0981499149
65|คุณ|SupUOB65|AIG65|1/1/1995|0981499149
66|คุณ|SupUOB66|AIG66|1/1/1995|0981499149
67|คุณ|SupUOB67|AIG67|1/1/1995|0981499149
68|คุณ|SupUOB68|AIG68|1/1/1995|0981499149
69|คุณ|SupUOB69|AIG69|1/1/1995|0981499149
70|คุณ|SupUOB70|AIG70|1/1/1995|0981499149
71|คุณ|SupUOB71|AIG71|1/1/1995|0981499149
72|คุณ|SupUOB72|AIG72|1/1/1995|0981499149
73|คุณ|SupUOB73|AIG73|1/1/1995|0981499149
74|คุณ|SupUOB74|AIG74|1/1/1995|0981499149
75|คุณ|SupUOB75|AIG75|1/1/1995|0981499149
76|คุณ|SupUOB76|AIG76|1/1/1995|0981499149
77|คุณ|SupUOB77|AIG77|1/1/1995|0981499149
78|คุณ|SupUOB78|AIG78|1/1/1995|0981499149
79|คุณ|SupUOB79|AIG79|1/1/1995|0981499149
80|คุณ|SupUOB80|AIG80|1/1/1995|0981499149
81|คุณ|SupUOB81|AIG81|1/1/1995|0981499149
82|คุณ|SupUOB82|AIG82|1/1/1995|0981499149
83|คุณ|SupUOB83|AIG83|1/1/1995|0981499149
84|คุณ|SupUOB84|AIG84|1/1/1995|0981499149
85|คุณ|SupUOB85|AIG85|1/1/1995|0981499149
86|คุณ|SupUOB86|AIG86|1/1/1995|0981499149
87|คุณ|SupUOB87|AIG87|1/1/1995|0981499149
88|คุณ|SupUOB88|AIG88|1/1/1995|0981499149
89|คุณ|SupUOB89|AIG89|1/1/1995|0981499149
90|คุณ|SupUOB90|AIG90|1/1/1995|0981499149
91|คุณ|SupUOB91|AIG91|1/1/1995|0981499149
92|คุณ|SupUOB92|AIG92|1/1/1995|0981499149
93|คุณ|SupUOB93|AIG93|1/1/1995|0981499149
94|คุณ|SupUOB94|AIG94|1/1/1995|0981499149
95|คุณ|SupUOB95|AIG95|1/1/1995|0981499149
96|คุณ|SupUOB96|AIG96|1/1/1995|0981499149
97|คุณ|SupUOB97|AIG97|1/1/1995|0981499149
98|คุณ|SupUOB98|AIG98|1/1/1995|0981499149
99|คุณ|SupUOB99|AIG99|1/1/1995|0981499149
