ลำดับ|ชื่อ|นามสกุล|วันเกิด|เบอร์โทร|
1|กานต์|ดา||0648218803
|
2|กานต์|ดา1||0648218804
|
3|กานต์|ดา2||0648218805
|
4|กานต์|ดา3||0648218806
|
5|กานต์|ดา4||0648218807
|
6|กานต์|ดา5||0648218808
|
7|กานต์|ดา6||0648218809
|
8|กานต์|ดา7||0648218810
|
9|กานต์|ดา8||0648218811
|
10|กานต์|ดา9||0648218812
|
11|กานต์|ดา10||0648218813
|
12|กานต์|ดา11||0648218814
|
13|กานต์|ดา12||0648218815
|
14|กานต์|ดา13||0648218816
|
15|กานต์|ดา14||0648218817
|
16|กานต์|ดา15||0648218818
|
17|กานต์|ดา16||0648218819
|
18|กานต์|ดา17||0648218820
|
19|กานต์|ดา18||0648218821
|
20|กานต์|ดา19||0648218822
|
21|กานต์|ดา20||0648218823
|
22|กานต์|ดา21||0648218824
|
23|กานต์|ดา22||0648218825
|
24|กานต์|ดา23||0648218826
|
25|กานต์|ดา24||0648218827
|
