ลำดับ|คุณ|ชื่อ|นามสกุล|วันเดือนปี|เบอร์โทร
1|คุณ|SupUOB01|SUPAIG1|1/2/1995|0981499149
2|คุณ|SupUOB02|SUPAIG2|1/2/1995|0981499149
3|คุณ|SupUOB03|SUPAIG3|1/2/1995|0981499149
4|คุณ|SupUOB04|SUPAIG4|1/2/1995|0981499149
5|คุณ|SupUOB05|SUPAIG5|1/2/1995|0981499149
6|คุณ|SupUOB06|SUPAIG6|1/2/1995|0981499149
7|คุณ|SupUOB07|SUPAIG7|1/2/1995|0981499149
8|คุณ|SupUOB08|SUPAIG8|1/2/1995|0981499149
9|คุณ|SupUOB09|SUPAIG9|1/2/1995|0981499149
10|คุณ|SupUOB10|SUPAIG10|1/2/1995|0981499149
11|คุณ|SupUOB11|SUPAIG11|1/2/1995|0981499149
12|คุณ|SupUOB12|SUPAIG12|1/2/1995|0981499149
13|คุณ|SupUOB13|SUPAIG13|1/2/1995|0981499149
14|คุณ|SupUOB14|SUPAIG14|1/2/1995|0981499149
15|คุณ|SupUOB15|SUPAIG15|1/2/1995|0981499149
16|คุณ|SupUOB16|SUPAIG16|1/2/1995|0981499149
17|คุณ|SupUOB17|SUPAIG17|1/2/1995|0981499149
18|คุณ|SupUOB18|SUPAIG18|1/2/1995|0981499149
19|คุณ|SupUOB19|SUPAIG19|1/2/1995|0981499149
20|คุณ|SupUOB20|SUPAIG20|1/2/1995|0981499149
21|คุณ|SupUOB21|SUPAIG21|1/2/1995|0981499149
22|คุณ|SupUOB22|SUPAIG22|1/2/1995|0981499149
23|คุณ|SupUOB23|SUPAIG23|1/2/1995|0981499149
24|คุณ|SupUOB24|SUPAIG24|1/2/1995|0981499149
25|คุณ|SupUOB25|SUPAIG25|1/2/1995|0981499149
26|คุณ|SupUOB26|SUPAIG26|1/2/1995|0981499149
27|คุณ|SupUOB27|SUPAIG27|1/2/1995|0981499149
28|คุณ|SupUOB28|SUPAIG28|1/2/1995|0981499149
29|คุณ|SupUOB29|SUPAIG29|1/2/1995|0981499149
30|คุณ|SupUOB30|SUPAIG30|1/2/1995|0981499149
31|คุณ|SupUOB31|SUPAIG31|1/2/1995|0981499149
32|คุณ|SupUOB32|SUPAIG32|1/2/1995|0981499149
33|คุณ|SupUOB33|SUPAIG33|1/2/1995|0981499149
34|คุณ|SupUOB34|SUPAIG34|1/2/1995|0981499149
35|คุณ|SupUOB35|SUPAIG35|1/2/1995|0981499149
36|คุณ|SupUOB36|SUPAIG36|1/2/1995|0981499149
37|คุณ|SupUOB37|SUPAIG37|1/2/1995|0981499149
38|คุณ|SupUOB38|SUPAIG38|1/2/1995|0981499149
39|คุณ|SupUOB39|SUPAIG39|1/2/1995|0981499149
40|คุณ|SupUOB40|SUPAIG40|1/2/1995|0981499149
41|คุณ|SupUOB41|SUPAIG41|1/2/1995|0981499149
42|คุณ|SupUOB42|SUPAIG42|1/2/1995|0981499149
43|คุณ|SupUOB43|SUPAIG43|1/2/1995|0981499149
44|คุณ|SupUOB44|SUPAIG44|1/2/1995|0981499149
45|คุณ|SupUOB45|SUPAIG45|1/2/1995|0981499149
46|คุณ|SupUOB46|SUPAIG46|1/2/1995|0981499149
47|คุณ|SupUOB47|SUPAIG47|1/2/1995|0981499149
48|คุณ|SupUOB48|SUPAIG48|1/2/1995|0981499149
49|คุณ|SupUOB49|SUPAIG49|1/2/1995|0981499149
50|คุณ|SupUOB50|SUPAIG50|1/2/1995|0981499149
51|คุณ|SupUOB51|SUPAIG51|1/2/1995|0981499149
52|คุณ|SupUOB52|SUPAIG52|1/2/1995|0981499149
53|คุณ|SupUOB53|SUPAIG53|1/2/1995|0981499149
54|คุณ|SupUOB54|SUPAIG54|1/2/1995|0981499149
55|คุณ|SupUOB55|SUPAIG55|1/2/1995|0981499149
56|คุณ|SupUOB56|SUPAIG56|1/2/1995|0981499149
57|คุณ|SupUOB57|SUPAIG57|1/2/1995|0981499149
58|คุณ|SupUOB58|SUPAIG58|1/2/1995|0981499149
59|คุณ|SupUOB59|SUPAIG59|1/2/1995|0981499149
60|คุณ|SupUOB60|SUPAIG60|1/2/1995|0981499149
61|คุณ|SupUOB61|SUPAIG61|1/2/1995|0981499149
62|คุณ|SupUOB62|SUPAIG62|1/2/1995|0981499149
63|คุณ|SupUOB63|SUPAIG63|1/2/1995|0981499149
64|คุณ|SupUOB64|SUPAIG64|1/2/1995|0981499149
65|คุณ|SupUOB65|SUPAIG65|1/2/1995|0981499149
66|คุณ|SupUOB66|SUPAIG66|1/2/1995|0981499149
67|คุณ|SupUOB67|SUPAIG67|1/2/1995|0981499149
68|คุณ|SupUOB68|SUPAIG68|1/2/1995|0981499149
69|คุณ|SupUOB69|SUPAIG69|1/2/1995|0981499149
70|คุณ|SupUOB70|SUPAIG70|1/2/1995|0981499149
71|คุณ|SupUOB71|SUPAIG71|1/2/1995|0981499149
72|คุณ|SupUOB72|SUPAIG72|1/2/1995|0981499149
73|คุณ|SupUOB73|SUPAIG73|1/2/1995|0981499149
74|คุณ|SupUOB74|SUPAIG74|1/2/1995|0981499149
75|คุณ|SupUOB75|SUPAIG75|1/2/1995|0981499149
76|คุณ|SupUOB76|SUPAIG76|1/2/1995|0981499149
77|คุณ|SupUOB77|SUPAIG77|1/2/1995|0981499149
78|คุณ|SupUOB78|SUPAIG78|1/2/1995|0981499149
79|คุณ|SupUOB79|SUPAIG79|1/2/1995|0981499149
80|คุณ|SupUOB80|SUPAIG80|1/2/1995|0981499149
81|คุณ|SupUOB81|SUPAIG81|1/2/1995|0981499149
82|คุณ|SupUOB82|SUPAIG82|1/2/1995|0981499149
83|คุณ|SupUOB83|SUPAIG83|1/2/1995|0981499149
84|คุณ|SupUOB84|SUPAIG84|1/2/1995|0981499149
85|คุณ|SupUOB85|SUPAIG85|1/2/1995|0981499149
86|คุณ|SupUOB86|SUPAIG86|1/2/1995|0981499149
87|คุณ|SupUOB87|SUPAIG87|1/2/1995|0981499149
88|คุณ|SupUOB88|SUPAIG88|1/2/1995|0981499149
89|คุณ|SupUOB89|SUPAIG89|1/2/1995|0981499149
90|คุณ|SupUOB90|SUPAIG90|1/2/1995|0981499149
91|คุณ|SupUOB91|SUPAIG91|1/2/1995|0981499149
92|คุณ|SupUOB92|SUPAIG92|1/2/1995|0981499149
93|คุณ|SupUOB93|SUPAIG93|1/2/1995|0981499149
94|คุณ|SupUOB94|SUPAIG94|1/2/1995|0981499149
95|คุณ|SupUOB95|SUPAIG95|1/2/1995|0981499149
96|คุณ|SupUOB96|SUPAIG96|1/2/1995|0981499149
97|คุณ|SupUOB97|SUPAIG97|1/2/1995|0981499149
98|คุณ|SupUOB98|SUPAIG98|1/2/1995|0981499149
99|คุณ|SupUOB99|SUPAIG99|1/2/1995|0981499149
100|คุณ|SupUOB100|SUPAIG100|1/2/1995|0981499149
101|คุณ|SupUOB101|SUPAIG101|1/2/1995|0981499149
102|คุณ|SupUOB102|SUPAIG102|1/2/1995|0981499149
103|คุณ|SupUOB103|SUPAIG103|1/2/1995|0981499149
104|คุณ|SupUOB104|SUPAIG104|1/2/1995|0981499149
105|คุณ|SupUOB105|SUPAIG105|1/2/1995|0981499149
106|คุณ|SupUOB106|SUPAIG106|1/2/1995|0981499149
107|คุณ|SupUOB107|SUPAIG107|1/2/1995|0981499149
108|คุณ|SupUOB108|SUPAIG108|1/2/1995|0981499149
109|คุณ|SupUOB109|SUPAIG109|1/2/1995|0981499149
110|คุณ|SupUOB110|SUPAIG110|1/2/1995|0981499149
111|คุณ|SupUOB111|SUPAIG111|1/2/1995|0981499149
112|คุณ|SupUOB112|SUPAIG112|1/2/1995|0981499149
113|คุณ|SupUOB113|SUPAIG113|1/2/1995|0981499149
114|คุณ|SupUOB114|SUPAIG114|1/2/1995|0981499149
115|คุณ|SupUOB115|SUPAIG115|1/2/1995|0981499149
116|คุณ|SupUOB116|SUPAIG116|1/2/1995|0981499149
117|คุณ|SupUOB117|SUPAIG117|1/2/1995|0981499149
118|คุณ|SupUOB118|SUPAIG118|1/2/1995|0981499149
119|คุณ|SupUOB119|SUPAIG119|1/2/1995|0981499149
120|คุณ|SupUOB120|SUPAIG120|1/2/1995|0981499149
121|คุณ|SupUOB121|SUPAIG121|1/2/1995|0981499149
122|คุณ|SupUOB122|SUPAIG122|1/2/1995|0981499149
123|คุณ|SupUOB123|SUPAIG123|1/2/1995|0981499149
124|คุณ|SupUOB124|SUPAIG124|1/2/1995|0981499149
125|คุณ|SupUOB125|SUPAIG125|1/2/1995|0981499149
126|คุณ|SupUOB126|SUPAIG126|1/2/1995|0981499149
127|คุณ|SupUOB127|SUPAIG127|1/2/1995|0981499149
128|คุณ|SupUOB128|SUPAIG128|1/2/1995|0981499149
129|คุณ|SupUOB129|SUPAIG129|1/2/1995|0981499149
130|คุณ|SupUOB130|SUPAIG130|1/2/1995|0981499149
131|คุณ|SupUOB131|SUPAIG131|1/2/1995|0981499149
132|คุณ|SupUOB132|SUPAIG132|1/2/1995|0981499149
133|คุณ|SupUOB133|SUPAIG133|1/2/1995|0981499149
134|คุณ|SupUOB134|SUPAIG134|1/2/1995|0981499149
135|คุณ|SupUOB135|SUPAIG135|1/2/1995|0981499149
136|คุณ|SupUOB136|SUPAIG136|1/2/1995|0981499149
137|คุณ|SupUOB137|SUPAIG137|1/2/1995|0981499149
138|คุณ|SupUOB138|SUPAIG138|1/2/1995|0981499149
139|คุณ|SupUOB139|SUPAIG139|1/2/1995|0981499149
140|คุณ|SupUOB140|SUPAIG140|1/2/1995|0981499149
141|คุณ|SupUOB141|SUPAIG141|1/2/1995|0981499149
142|คุณ|SupUOB142|SUPAIG142|1/2/1995|0981499149
143|คุณ|SupUOB143|SUPAIG143|1/2/1995|0981499149
144|คุณ|SupUOB144|SUPAIG144|1/2/1995|0981499149
145|คุณ|SupUOB145|SUPAIG145|1/2/1995|0981499149
146|คุณ|SupUOB146|SUPAIG146|1/2/1995|0981499149
147|คุณ|SupUOB147|SUPAIG147|1/2/1995|0981499149
148|คุณ|SupUOB148|SUPAIG148|1/2/1995|0981499149
149|คุณ|SupUOB149|SUPAIG149|1/2/1995|0981499149
150|คุณ|SupUOB150|SUPAIG150|1/2/1995|0981499149
151|คุณ|SupUOB151|SUPAIG151|1/2/1995|0981499149
152|คุณ|SupUOB152|SUPAIG152|1/2/1995|0981499149
153|คุณ|SupUOB153|SUPAIG153|1/2/1995|0981499149
154|คุณ|SupUOB154|SUPAIG154|1/2/1995|0981499149
155|คุณ|SupUOB155|SUPAIG155|1/2/1995|0981499149
156|คุณ|SupUOB156|SUPAIG156|1/2/1995|0981499149
157|คุณ|SupUOB157|SUPAIG157|1/2/1995|0981499149
158|คุณ|SupUOB158|SUPAIG158|1/2/1995|0981499149
159|คุณ|SupUOB159|SUPAIG159|1/2/1995|0981499149
160|คุณ|SupUOB160|SUPAIG160|1/2/1995|0981499149
161|คุณ|SupUOB161|SUPAIG161|1/2/1995|0981499149
162|คุณ|SupUOB162|SUPAIG162|1/2/1995|0981499149
163|คุณ|SupUOB163|SUPAIG163|1/2/1995|0981499149
164|คุณ|SupUOB164|SUPAIG164|1/2/1995|0981499149
165|คุณ|SupUOB165|SUPAIG165|1/2/1995|0981499149
166|คุณ|SupUOB166|SUPAIG166|1/2/1995|0981499149
167|คุณ|SupUOB167|SUPAIG167|1/2/1995|0981499149
168|คุณ|SupUOB168|SUPAIG168|1/2/1995|0981499149
169|คุณ|SupUOB169|SUPAIG169|1/2/1995|0981499149
170|คุณ|SupUOB170|SUPAIG170|1/2/1995|0981499149
171|คุณ|SupUOB171|SUPAIG171|1/2/1995|0981499149
172|คุณ|SupUOB172|SUPAIG172|1/2/1995|0981499149
173|คุณ|SupUOB173|SUPAIG173|1/2/1995|0981499149
174|คุณ|SupUOB174|SUPAIG174|1/2/1995|0981499149
175|คุณ|SupUOB175|SUPAIG175|1/2/1995|0981499149
176|คุณ|SupUOB176|SUPAIG176|1/2/1995|0981499149
177|คุณ|SupUOB177|SUPAIG177|1/2/1995|0981499149
178|คุณ|SupUOB178|SUPAIG178|1/2/1995|0981499149
179|คุณ|SupUOB179|SUPAIG179|1/2/1995|0981499149
180|คุณ|SupUOB180|SUPAIG180|1/2/1995|0981499149
181|คุณ|SupUOB181|SUPAIG181|1/2/1995|0981499149
182|คุณ|SupUOB182|SUPAIG182|1/2/1995|0981499149
183|คุณ|SupUOB183|SUPAIG183|1/2/1995|0981499149
184|คุณ|SupUOB184|SUPAIG184|1/2/1995|0981499149
185|คุณ|SupUOB185|SUPAIG185|1/2/1995|0981499149
186|คุณ|SupUOB186|SUPAIG186|1/2/1995|0981499149
187|คุณ|SupUOB187|SUPAIG187|1/2/1995|0981499149
188|คุณ|SupUOB188|SUPAIG188|1/2/1995|0981499149
189|คุณ|SupUOB189|SUPAIG189|1/2/1995|0981499149
190|คุณ|SupUOB190|SUPAIG190|1/2/1995|0981499149
191|คุณ|SupUOB191|SUPAIG191|1/2/1995|0981499149
192|คุณ|SupUOB192|SUPAIG192|1/2/1995|0981499149
193|คุณ|SupUOB193|SUPAIG193|1/2/1995|0981499149
194|คุณ|SupUOB194|SUPAIG194|1/2/1995|0981499149
195|คุณ|SupUOB195|SUPAIG195|1/2/1995|0981499149
196|คุณ|SupUOB196|SUPAIG196|1/2/1995|0981499149
197|คุณ|SupUOB197|SUPAIG197|1/2/1995|0981499149
198|คุณ|SupUOB198|SUPAIG198|1/2/1995|0981499149
199|คุณ|SupUOB199|SUPAIG199|1/2/1995|0981499149
