title|name|lastname|dob|mobile
คุณ|Kran1|AIG1|12/14/5000|0648218803
คุณ|Kran2|AIG2|12/15/5000|0648218803
คุณ|Kran3|AIG3|12/16/5000|0648218803
คุณ|Kran4|AIG4|12/17/5000|0648218803
คุณ|Kran5|AIG5|12/18/5000|0648218803
คุณ|Kran6|AIG6|12/19/5000|0648218803
คุณ|Kran7|AIG7|12/20/5000|0648218803
คุณ|Kran8|AIG8|12/21/5000|0648218803
คุณ|Kran9|AIG9|12/22/5000|0648218803
คุณ|Kran10|AIG10|12/23/5000|0648218803
คุณ|Kran11|AIG11|12/24/5000|0648218803
คุณ|Kran12|AIG12|12/25/5000|0648218803
คุณ|Kran13|AIG13|12/26/5000|0648218803
คุณ|Kran14|AIG14|12/27/5000|0648218803
คุณ|Kran15|AIG15|12/28/5000|0648218803
คุณ|Kran16|AIG16|12/29/5000|0648218803
คุณ|Kran17|AIG17|12/30/5000|0648218803
คุณ|Kran18|AIG18|12/31/5000|0648218803
คุณ|Kran19|AIG19|1/1/5001|0648218803
คุณ|Kran20|AIG20|1/2/5001|0648218803
คุณ|Kran21|AIG21|1/3/5001|0648218803
คุณ|Kran22|AIG22|1/4/5001|0648218803
คุณ|Kran23|AIG23|1/5/5001|0648218803
คุณ|Kran24|AIG24|1/6/5001|0648218803
คุณ|Kran25|AIG25|1/7/5001|0648218803
คุณ|Kran26|AIG26|1/8/5001|0648218803
คุณ|Kran27|AIG27|1/9/5001|0648218803
คุณ|Kran28|AIG28|1/10/5001|0648218803
คุณ|Kran29|AIG29|1/11/5001|0648218803
คุณ|Kran30|AIG30|1/12/5001|0648218803
คุณ|Kran31|AIG31|1/13/5001|0648218803
คุณ|Kran32|AIG32|1/14/5001|0648218803
คุณ|Kran33|AIG33|1/15/5001|0648218803
คุณ|Kran34|AIG34|1/16/5001|0648218803
คุณ|Kran35|AIG35|1/17/5001|0648218803
คุณ|Kran36|AIG36|1/18/5001|0648218803
คุณ|Kran37|AIG37|1/19/5001|0648218803
คุณ|Kran38|AIG38|1/20/5001|0648218803
คุณ|Kran39|AIG39|1/21/5001|0648218803
คุณ|Kran40|AIG40|1/22/5001|0648218803
คุณ|Kran41|AIG41|1/23/5001|0648218803
คุณ|Kran42|AIG42|1/24/5001|0648218803
คุณ|Kran43|AIG43|1/25/5001|0648218803
คุณ|Kran44|AIG44|1/26/5001|0648218803
คุณ|Kran45|AIG45|1/27/5001|0648218803
คุณ|Kran46|AIG46|1/28/5001|0648218803
คุณ|Kran47|AIG47|1/29/5001|0648218803
คุณ|Kran48|AIG48|1/30/5001|0648218803
คุณ|Kran49|AIG49|1/31/5001|0648218803
คุณ|Kran50|AIG50|2/1/5001|0648218803
คุณ|Kran51|AIG51|2/2/5001|0648218803
คุณ|Kran52|AIG52|2/3/5001|0648218803
คุณ|Kran53|AIG53|2/4/5001|0648218803
คุณ|Kran54|AIG54|2/5/5001|0648218803
คุณ|Kran55|AIG55|2/6/5001|0648218803
คุณ|Kran56|AIG56|2/7/5001|0648218803
คุณ|Kran57|AIG57|2/8/5001|0648218803
คุณ|Kran58|AIG58|2/9/5001|0648218803
คุณ|Kran59|AIG59|2/10/5001|0648218803
คุณ|Kran60|AIG60|2/11/5001|0648218803
คุณ|Kran61|AIG61|2/12/5001|0648218803
คุณ|Kran62|AIG62|2/13/5001|0648218803
คุณ|Kran63|AIG63|2/14/5001|0648218803
คุณ|Kran64|AIG64|2/15/5001|0648218803
คุณ|Kran65|AIG65|2/16/5001|0648218803
คุณ|Kran66|AIG66|2/17/5001|0648218803
คุณ|Kran67|AIG67|2/18/5001|0648218803
คุณ|Kran68|AIG68|2/19/5001|0648218803
คุณ|Kran69|AIG69|2/20/5001|0648218803
คุณ|Kran70|AIG70|2/21/5001|0648218803
คุณ|Kran71|AIG71|2/22/5001|0648218803
คุณ|Kran72|AIG72|2/23/5001|0648218803
คุณ|Kran73|AIG73|2/24/5001|0648218803
คุณ|Kran74|AIG74|2/25/5001|0648218803
คุณ|Kran75|AIG75|2/26/5001|0648218803
คุณ|Kran76|AIG76|2/27/5001|0648218803
คุณ|Kran77|AIG77|2/28/5001|0648218803
คุณ|Kran78|AIG78|3/1/5001|0648218803
คุณ|Kran79|AIG79|3/2/5001|0648218803
คุณ|Kran80|AIG80|3/3/5001|0648218803
คุณ|Kran81|AIG81|3/4/5001|0648218803
คุณ|Kran82|AIG82|3/5/5001|0648218803
คุณ|Kran83|AIG83|3/6/5001|0648218803
คุณ|Kran84|AIG84|3/7/5001|0648218803
คุณ|Kran85|AIG85|3/8/5001|0648218803
คุณ|Kran86|AIG86|3/9/5001|0648218803
คุณ|Kran87|AIG87|3/10/5001|0648218803
คุณ|Kran88|AIG88|3/11/5001|0648218803
คุณ|Kran89|AIG89|3/12/5001|0648218803
คุณ|Kran90|AIG90|3/13/5001|0648218803
คุณ|Kran91|AIG91|3/14/5001|0648218803
คุณ|Kran92|AIG92|3/15/5001|0648218803
คุณ|Kran93|AIG93|3/16/5001|0648218803
คุณ|Kran94|AIG94|3/17/5001|0648218803
คุณ|Kran95|AIG95|3/18/5001|0648218803
คุณ|Kran96|AIG96|3/19/5001|0648218803
คุณ|Kran97|AIG97|3/20/5001|0648218803
คุณ|Kran98|AIG98|3/21/5001|0648218803
คุณ|Kran99|AIG99|3/22/5001|0648218803
คุณ|Kran100|AIG100|3/23/5001|0648218803
คุณ|Kran101|AIG101|3/24/5001|0648218803
คุณ|Kran102|AIG102|3/25/5001|0648218803
คุณ|Kran103|AIG103|3/26/5001|0648218803
คุณ|Kran104|AIG104|3/27/5001|0648218803
คุณ|Kran105|AIG105|3/28/5001|0648218803
คุณ|Kran106|AIG106|3/29/5001|0648218803
คุณ|Kran107|AIG107|3/30/5001|0648218803
คุณ|Kran108|AIG108|3/31/5001|0648218803
คุณ|Kran109|AIG109|4/1/5001|0648218803
คุณ|Kran110|AIG110|4/2/5001|0648218803
คุณ|Kran111|AIG111|4/3/5001|0648218803
คุณ|Kran112|AIG112|4/4/5001|0648218803
คุณ|Kran113|AIG113|4/5/5001|0648218803
คุณ|Kran114|AIG114|4/6/5001|0648218803
คุณ|Kran115|AIG115|4/7/5001|0648218803
คุณ|Kran116|AIG116|4/8/5001|0648218803
คุณ|Kran117|AIG117|4/9/5001|0648218803
คุณ|Kran118|AIG118|4/10/5001|0648218803
คุณ|Kran119|AIG119|4/11/5001|0648218803
คุณ|Kran120|AIG120|4/12/5001|0648218803
คุณ|Kran121|AIG121|4/13/5001|0648218803
คุณ|Kran122|AIG122|4/14/5001|0648218803
คุณ|Kran123|AIG123|4/15/5001|0648218803
คุณ|Kran124|AIG124|4/16/5001|0648218803
คุณ|Kran125|AIG125|4/17/5001|0648218803
คุณ|Kran126|AIG126|4/18/5001|0648218803
คุณ|Kran127|AIG127|4/19/5001|0648218803
คุณ|Kran128|AIG128|4/20/5001|0648218803
คุณ|Kran129|AIG129|4/21/5001|0648218803
คุณ|Kran130|AIG130|4/22/5001|0648218803
คุณ|Kran131|AIG131|4/23/5001|0648218803
คุณ|Kran132|AIG132|4/24/5001|0648218803
คุณ|Kran133|AIG133|4/25/5001|0648218803
คุณ|Kran134|AIG134|4/26/5001|0648218803
คุณ|Kran135|AIG135|4/27/5001|0648218803
คุณ|Kran136|AIG136|4/28/5001|0648218803
คุณ|Kran137|AIG137|4/29/5001|0648218803
คุณ|Kran138|AIG138|4/30/5001|0648218803
คุณ|Kran139|AIG139|5/1/5001|0648218803
คุณ|Kran140|AIG140|5/2/5001|0648218803
คุณ|Kran141|AIG141|5/3/5001|0648218803
คุณ|Kran142|AIG142|5/4/5001|0648218803
คุณ|Kran143|AIG143|5/5/5001|0648218803
คุณ|Kran144|AIG144|5/6/5001|0648218803
คุณ|Kran145|AIG145|5/7/5001|0648218803
คุณ|Kran146|AIG146|5/8/5001|0648218803
คุณ|Kran147|AIG147|5/9/5001|0648218803
คุณ|Kran148|AIG148|5/10/5001|0648218803
คุณ|Kran149|AIG149|5/11/5001|0648218803
คุณ|Kran150|AIG150|5/12/5001|0648218803
คุณ|Kran151|AIG151|5/13/5001|0648218803
คุณ|Kran152|AIG152|5/14/5001|0648218803
คุณ|Kran153|AIG153|5/15/5001|0648218803
คุณ|Kran154|AIG154|5/16/5001|0648218803
คุณ|Kran155|AIG155|5/17/5001|0648218803
คุณ|Kran156|AIG156|5/18/5001|0648218803
คุณ|Kran157|AIG157|5/19/5001|0648218803
คุณ|Kran158|AIG158|5/20/5001|0648218803
คุณ|Kran159|AIG159|5/21/5001|0648218803
คุณ|Kran160|AIG160|5/22/5001|0648218803
คุณ|Kran161|AIG161|5/23/5001|0648218803
คุณ|Kran162|AIG162|5/24/5001|0648218803
คุณ|Kran163|AIG163|5/25/5001|0648218803
คุณ|Kran164|AIG164|5/26/5001|0648218803
คุณ|Kran165|AIG165|5/27/5001|0648218803
คุณ|Kran166|AIG166|5/28/5001|0648218803
คุณ|Kran167|AIG167|5/29/5001|0648218803
คุณ|Kran168|AIG168|5/30/5001|0648218803
คุณ|Kran169|AIG169|5/31/5001|0648218803
คุณ|Kran170|AIG170|6/1/5001|0648218803
คุณ|Kran171|AIG171|6/2/5001|0648218803
คุณ|Kran172|AIG172|6/3/5001|0648218803
คุณ|Kran173|AIG173|6/4/5001|0648218803
คุณ|Kran174|AIG174|6/5/5001|0648218803
คุณ|Kran175|AIG175|6/6/5001|0648218803
คุณ|Kran176|AIG176|6/7/5001|0648218803
คุณ|Kran177|AIG177|6/8/5001|0648218803
คุณ|Kran178|AIG178|6/9/5001|0648218803
คุณ|Kran179|AIG179|6/10/5001|0648218803
คุณ|Kran180|AIG180|6/11/5001|0648218803
คุณ|Kran181|AIG181|6/12/5001|0648218803
คุณ|Kran182|AIG182|6/13/5001|0648218803
คุณ|Kran183|AIG183|6/14/5001|0648218803
คุณ|Kran184|AIG184|6/15/5001|0648218803
คุณ|Kran185|AIG185|6/16/5001|0648218803
คุณ|Kran186|AIG186|6/17/5001|0648218803
คุณ|Kran187|AIG187|6/18/5001|0648218803
คุณ|Kran188|AIG188|6/19/5001|0648218803
คุณ|Kran189|AIG189|6/20/5001|0648218803
คุณ|Kran190|AIG190|6/21/5001|0648218803
คุณ|Kran191|AIG191|6/22/5001|0648218803
คุณ|Kran192|AIG192|6/23/5001|0648218803
คุณ|Kran193|AIG193|6/24/5001|0648218803
คุณ|Kran194|AIG194|6/25/5001|0648218803
คุณ|Kran195|AIG195|6/26/5001|0648218803
คุณ|Kran196|AIG196|6/27/5001|0648218803
คุณ|Kran197|AIG197|6/28/5001|0648218803
คุณ|Kran198|AIG198|6/29/5001|0648218803
คุณ|Kran199|AIG199|6/30/5001|0648218803
คุณ|Kran200|AIG200|7/1/5001|0648218803
คุณ|Kran201|AIG201|7/2/5001|0648218803
คุณ|Kran202|AIG202|7/3/5001|0648218803
คุณ|Kran203|AIG203|7/4/5001|0648218803
คุณ|Kran204|AIG204|7/5/5001|0648218803
คุณ|Kran205|AIG205|7/6/5001|0648218803
คุณ|Kran206|AIG206|7/7/5001|0648218803
คุณ|Kran207|AIG207|7/8/5001|0648218803
คุณ|Kran208|AIG208|7/9/5001|0648218803
คุณ|Kran209|AIG209|7/10/5001|0648218803
คุณ|Kran210|AIG210|7/11/5001|0648218803
คุณ|Kran211|AIG211|7/12/5001|0648218803
คุณ|Kran212|AIG212|7/13/5001|0648218803
คุณ|Kran213|AIG213|7/14/5001|0648218803
คุณ|Kran214|AIG214|7/15/5001|0648218803
คุณ|Kran215|AIG215|7/16/5001|0648218803
คุณ|Kran216|AIG216|7/17/5001|0648218803
คุณ|Kran217|AIG217|7/18/5001|0648218803
คุณ|Kran218|AIG218|7/19/5001|0648218803
คุณ|Kran219|AIG219|7/20/5001|0648218803
คุณ|Kran220|AIG220|7/21/5001|0648218803
คุณ|Kran221|AIG221|7/22/5001|0648218803
คุณ|Kran222|AIG222|7/23/5001|0648218803
คุณ|Kran223|AIG223|7/24/5001|0648218803
คุณ|Kran224|AIG224|7/25/5001|0648218803
คุณ|Kran225|AIG225|7/26/5001|0648218803
คุณ|Kran226|AIG226|7/27/5001|0648218803
คุณ|Kran227|AIG227|7/28/5001|0648218803
คุณ|Kran228|AIG228|7/29/5001|0648218803
คุณ|Kran229|AIG229|7/30/5001|0648218803
คุณ|Kran230|AIG230|7/31/5001|0648218803
คุณ|Kran231|AIG231|8/1/5001|0648218803
คุณ|Kran232|AIG232|8/2/5001|0648218803
คุณ|Kran233|AIG233|8/3/5001|0648218803
คุณ|Kran234|AIG234|8/4/5001|0648218803
คุณ|Kran235|AIG235|8/5/5001|0648218803
คุณ|Kran236|AIG236|8/6/5001|0648218803
คุณ|Kran237|AIG237|8/7/5001|0648218803
คุณ|Kran238|AIG238|8/8/5001|0648218803
คุณ|Kran239|AIG239|8/9/5001|0648218803
คุณ|Kran240|AIG240|8/10/5001|0648218803
คุณ|Kran241|AIG241|8/11/5001|0648218803
คุณ|Kran242|AIG242|8/12/5001|0648218803
คุณ|Kran243|AIG243|8/13/5001|0648218803
คุณ|Kran244|AIG244|8/14/5001|0648218803
คุณ|Kran245|AIG245|8/15/5001|0648218803
คุณ|Kran246|AIG246|8/16/5001|0648218803
คุณ|Kran247|AIG247|8/17/5001|0648218803
คุณ|Kran248|AIG248|8/18/5001|0648218803
คุณ|Kran249|AIG249|8/19/5001|0648218803
คุณ|Kran250|AIG250|8/20/5001|0648218803
คุณ|Kran251|AIG251|8/21/5001|0648218803
คุณ|Kran252|AIG252|8/22/5001|0648218803
คุณ|Kran253|AIG253|8/23/5001|0648218803
คุณ|Kran254|AIG254|8/24/5001|0648218803
คุณ|Kran255|AIG255|8/25/5001|0648218803
คุณ|Kran256|AIG256|8/26/5001|0648218803
คุณ|Kran257|AIG257|8/27/5001|0648218803
คุณ|Kran258|AIG258|8/28/5001|0648218803
คุณ|Kran259|AIG259|8/29/5001|0648218803
คุณ|Kran260|AIG260|8/30/5001|0648218803
คุณ|Kran261|AIG261|8/31/5001|0648218803
คุณ|Kran262|AIG262|9/1/5001|0648218803
คุณ|Kran263|AIG263|9/2/5001|0648218803
คุณ|Kran264|AIG264|9/3/5001|0648218803
คุณ|Kran265|AIG265|9/4/5001|0648218803
คุณ|Kran266|AIG266|9/5/5001|0648218803
คุณ|Kran267|AIG267|9/6/5001|0648218803
คุณ|Kran268|AIG268|9/7/5001|0648218803
คุณ|Kran269|AIG269|9/8/5001|0648218803
คุณ|Kran270|AIG270|9/9/5001|0648218803
คุณ|Kran271|AIG271|9/10/5001|0648218803
คุณ|Kran272|AIG272|9/11/5001|0648218803
คุณ|Kran273|AIG273|9/12/5001|0648218803
คุณ|Kran274|AIG274|9/13/5001|0648218803
คุณ|Kran275|AIG275|9/14/5001|0648218803
คุณ|Kran276|AIG276|9/15/5001|0648218803
คุณ|Kran277|AIG277|9/16/5001|0648218803
คุณ|Kran278|AIG278|9/17/5001|0648218803
คุณ|Kran279|AIG279|9/18/5001|0648218803
คุณ|Kran280|AIG280|9/19/5001|0648218803
คุณ|Kran281|AIG281|9/20/5001|0648218803
คุณ|Kran282|AIG282|9/21/5001|0648218803
คุณ|Kran283|AIG283|9/22/5001|0648218803
คุณ|Kran284|AIG284|9/23/5001|0648218803
คุณ|Kran285|AIG285|9/24/5001|0648218803
คุณ|Kran286|AIG286|9/25/5001|0648218803
คุณ|Kran287|AIG287|9/26/5001|0648218803
คุณ|Kran288|AIG288|9/27/5001|0648218803
คุณ|Kran289|AIG289|9/28/5001|0648218803
คุณ|Kran290|AIG290|9/29/5001|0648218803
คุณ|Kran291|AIG291|9/30/5001|0648218803
คุณ|Kran292|AIG292|10/1/5001|0648218803
คุณ|Kran293|AIG293|10/2/5001|0648218803
คุณ|Kran294|AIG294|10/3/5001|0648218803
คุณ|Kran295|AIG295|10/4/5001|0648218803
คุณ|Kran296|AIG296|10/5/5001|0648218803
คุณ|Kran297|AIG297|10/6/5001|0648218803
คุณ|Kran298|AIG298|10/7/5001|0648218803
คุณ|Kran299|AIG299|10/8/5001|0648218803
คุณ|Kran300|AIG300|10/9/5001|0648218803
คุณ|Kran301|AIG301|10/10/5001|0648218803
คุณ|Kran302|AIG302|10/11/5001|0648218803
คุณ|Kran303|AIG303|10/12/5001|0648218803
คุณ|Kran304|AIG304|10/13/5001|0648218803
คุณ|Kran305|AIG305|10/14/5001|0648218803
คุณ|Kran306|AIG306|10/15/5001|0648218803
คุณ|Kran307|AIG307|10/16/5001|0648218803
คุณ|Kran308|AIG308|10/17/5001|0648218803
คุณ|Kran309|AIG309|10/18/5001|0648218803
คุณ|Kran310|AIG310|10/19/5001|0648218803
คุณ|Kran311|AIG311|10/20/5001|0648218803
คุณ|Kran312|AIG312|10/21/5001|0648218803
คุณ|Kran313|AIG313|10/22/5001|0648218803
คุณ|Kran314|AIG314|10/23/5001|0648218803
คุณ|Kran315|AIG315|10/24/5001|0648218803
คุณ|Kran316|AIG316|10/25/5001|0648218803
คุณ|Kran317|AIG317|10/26/5001|0648218803
คุณ|Kran318|AIG318|10/27/5001|0648218803
คุณ|Kran319|AIG319|10/28/5001|0648218803
คุณ|Kran320|AIG320|10/29/5001|0648218803
คุณ|Kran321|AIG321|10/30/5001|0648218803
คุณ|Kran322|AIG322|10/31/5001|0648218803
คุณ|Kran323|AIG323|11/1/5001|0648218803
คุณ|Kran324|AIG324|11/2/5001|0648218803
คุณ|Kran325|AIG325|11/3/5001|0648218803
คุณ|Kran326|AIG326|11/4/5001|0648218803
คุณ|Kran327|AIG327|11/5/5001|0648218803
คุณ|Kran328|AIG328|11/6/5001|0648218803
คุณ|Kran329|AIG329|11/7/5001|0648218803
คุณ|Kran330|AIG330|11/8/5001|0648218803
คุณ|Kran331|AIG331|11/9/5001|0648218803
คุณ|Kran332|AIG332|11/10/5001|0648218803
คุณ|Kran333|AIG333|11/11/5001|0648218803
คุณ|Kran334|AIG334|11/12/5001|0648218803
คุณ|Kran335|AIG335|11/13/5001|0648218803
คุณ|Kran336|AIG336|11/14/5001|0648218803
คุณ|Kran337|AIG337|11/15/5001|0648218803
คุณ|Kran338|AIG338|11/16/5001|0648218803
คุณ|Kran339|AIG339|11/17/5001|0648218803
คุณ|Kran340|AIG340|11/18/5001|0648218803
คุณ|Kran341|AIG341|11/19/5001|0648218803
คุณ|Kran342|AIG342|11/20/5001|0648218803
คุณ|Kran343|AIG343|11/21/5001|0648218803
คุณ|Kran344|AIG344|11/22/5001|0648218803
คุณ|Kran345|AIG345|11/23/5001|0648218803
คุณ|Kran346|AIG346|11/24/5001|0648218803
คุณ|Kran347|AIG347|11/25/5001|0648218803
คุณ|Kran348|AIG348|11/26/5001|0648218803
คุณ|Kran349|AIG349|11/27/5001|0648218803
คุณ|Kran350|AIG350|11/28/5001|0648218803
คุณ|Kran351|AIG351|11/29/5001|0648218803
คุณ|Kran352|AIG352|11/30/5001|0648218803
คุณ|Kran353|AIG353|12/1/5001|0648218803
คุณ|Kran354|AIG354|12/2/5001|0648218803
คุณ|Kran355|AIG355|12/3/5001|0648218803
คุณ|Kran356|AIG356|12/4/5001|0648218803
คุณ|Kran357|AIG357|12/5/5001|0648218803
คุณ|Kran358|AIG358|12/6/5001|0648218803
คุณ|Kran359|AIG359|12/7/5001|0648218803
คุณ|Kran360|AIG360|12/8/5001|0648218803
คุณ|Kran361|AIG361|12/9/5001|0648218803
คุณ|Kran362|AIG362|12/10/5001|0648218803
คุณ|Kran363|AIG363|12/11/5001|0648218803
คุณ|Kran364|AIG364|12/12/5001|0648218803
คุณ|Kran365|AIG365|12/13/5001|0648218803
คุณ|Kran366|AIG366|12/14/5001|0648218803
คุณ|Kran367|AIG367|12/15/5001|0648218803
คุณ|Kran368|AIG368|12/16/5001|0648218803
คุณ|Kran369|AIG369|12/17/5001|0648218803
คุณ|Kran370|AIG370|12/18/5001|0648218803
คุณ|Kran371|AIG371|12/19/5001|0648218803
คุณ|Kran372|AIG372|12/20/5001|0648218803
คุณ|Kran373|AIG373|12/21/5001|0648218803
คุณ|Kran374|AIG374|12/22/5001|0648218803
คุณ|Kran375|AIG375|12/23/5001|0648218803
คุณ|Kran376|AIG376|12/24/5001|0648218803
คุณ|Kran377|AIG377|12/25/5001|0648218803
คุณ|Kran378|AIG378|12/26/5001|0648218803
คุณ|Kran379|AIG379|12/27/5001|0648218803
คุณ|Kran380|AIG380|12/28/5001|0648218803
คุณ|Kran381|AIG381|12/29/5001|0648218803
คุณ|Kran382|AIG382|12/30/5001|0648218803
คุณ|Kran383|AIG383|12/31/5001|0648218803
คุณ|Kran384|AIG384|1/1/5002|0648218803
คุณ|Kran385|AIG385|1/2/5002|0648218803
คุณ|Kran386|AIG386|1/3/5002|0648218803
คุณ|Kran387|AIG387|1/4/5002|0648218803
คุณ|Kran388|AIG388|1/5/5002|0648218803
คุณ|Kran389|AIG389|1/6/5002|0648218803
คุณ|Kran390|AIG390|1/7/5002|0648218803
คุณ|Kran391|AIG391|1/8/5002|0648218803
คุณ|Kran392|AIG392|1/9/5002|0648218803
คุณ|Kran393|AIG393|1/10/5002|0648218803
คุณ|Kran394|AIG394|1/11/5002|0648218803
คุณ|Kran395|AIG395|1/12/5002|0648218803
คุณ|Kran396|AIG396|1/13/5002|0648218803
คุณ|Kran397|AIG397|1/14/5002|0648218803
คุณ|Kran398|AIG398|1/15/5002|0648218803
คุณ|Kran399|AIG399|1/16/5002|0648218803
คุณ|Kran400|AIG400|1/17/5002|0648218803
คุณ|Kran401|AIG401|1/18/5002|0648218803
คุณ|Kran402|AIG402|1/19/5002|0648218803
คุณ|Kran403|AIG403|1/20/5002|0648218803
คุณ|Kran404|AIG404|1/21/5002|0648218803
คุณ|Kran405|AIG405|1/22/5002|0648218803
คุณ|Kran406|AIG406|1/23/5002|0648218803
คุณ|Kran407|AIG407|1/24/5002|0648218803
คุณ|Kran408|AIG408|1/25/5002|0648218803
คุณ|Kran409|AIG409|1/26/5002|0648218803
คุณ|Kran410|AIG410|1/27/5002|0648218803
คุณ|Kran411|AIG411|1/28/5002|0648218803
คุณ|Kran412|AIG412|1/29/5002|0648218803
คุณ|Kran413|AIG413|1/30/5002|0648218803
คุณ|Kran414|AIG414|1/31/5002|0648218803
คุณ|Kran415|AIG415|2/1/5002|0648218803
คุณ|Kran416|AIG416|2/2/5002|0648218803
คุณ|Kran417|AIG417|2/3/5002|0648218803
คุณ|Kran418|AIG418|2/4/5002|0648218803
คุณ|Kran419|AIG419|2/5/5002|0648218803
คุณ|Kran420|AIG420|2/6/5002|0648218803
คุณ|Kran421|AIG421|2/7/5002|0648218803
คุณ|Kran422|AIG422|2/8/5002|0648218803
คุณ|Kran423|AIG423|2/9/5002|0648218803
คุณ|Kran424|AIG424|2/10/5002|0648218803
คุณ|Kran425|AIG425|2/11/5002|0648218803
คุณ|Kran426|AIG426|2/12/5002|0648218803
คุณ|Kran427|AIG427|2/13/5002|0648218803
คุณ|Kran428|AIG428|2/14/5002|0648218803
คุณ|Kran429|AIG429|2/15/5002|0648218803
คุณ|Kran430|AIG430|2/16/5002|0648218803
คุณ|Kran431|AIG431|2/17/5002|0648218803
คุณ|Kran432|AIG432|2/18/5002|0648218803
คุณ|Kran433|AIG433|2/19/5002|0648218803
คุณ|Kran434|AIG434|2/20/5002|0648218803
คุณ|Kran435|AIG435|2/21/5002|0648218803
คุณ|Kran436|AIG436|2/22/5002|0648218803
คุณ|Kran437|AIG437|2/23/5002|0648218803
คุณ|Kran438|AIG438|2/24/5002|0648218803
คุณ|Kran439|AIG439|2/25/5002|0648218803
คุณ|Kran440|AIG440|2/26/5002|0648218803
คุณ|Kran441|AIG441|2/27/5002|0648218803
คุณ|Kran442|AIG442|2/28/5002|0648218803
คุณ|Kran443|AIG443|3/1/5002|0648218803
คุณ|Kran444|AIG444|3/2/5002|0648218803
คุณ|Kran445|AIG445|3/3/5002|0648218803
คุณ|Kran446|AIG446|3/4/5002|0648218803
คุณ|Kran447|AIG447|3/5/5002|0648218803
คุณ|Kran448|AIG448|3/6/5002|0648218803
คุณ|Kran449|AIG449|3/7/5002|0648218803
คุณ|Kran450|AIG450|3/8/5002|0648218803
คุณ|Kran451|AIG451|3/9/5002|0648218803
คุณ|Kran452|AIG452|3/10/5002|0648218803
คุณ|Kran453|AIG453|3/11/5002|0648218803
คุณ|Kran454|AIG454|3/12/5002|0648218803
คุณ|Kran455|AIG455|3/13/5002|0648218803
คุณ|Kran456|AIG456|3/14/5002|0648218803
คุณ|Kran457|AIG457|3/15/5002|0648218803
คุณ|Kran458|AIG458|3/16/5002|0648218803
คุณ|Kran459|AIG459|3/17/5002|0648218803
คุณ|Kran460|AIG460|3/18/5002|0648218803
คุณ|Kran461|AIG461|3/19/5002|0648218803
คุณ|Kran462|AIG462|3/20/5002|0648218803
คุณ|Kran463|AIG463|3/21/5002|0648218803
คุณ|Kran464|AIG464|3/22/5002|0648218803
คุณ|Kran465|AIG465|3/23/5002|0648218803
คุณ|Kran466|AIG466|3/24/5002|0648218803
คุณ|Kran467|AIG467|3/25/5002|0648218803
คุณ|Kran468|AIG468|3/26/5002|0648218803
คุณ|Kran469|AIG469|3/27/5002|0648218803
คุณ|Kran470|AIG470|3/28/5002|0648218803
คุณ|Kran471|AIG471|3/29/5002|0648218803
คุณ|Kran472|AIG472|3/30/5002|0648218803
คุณ|Kran473|AIG473|3/31/5002|0648218803
คุณ|Kran474|AIG474|4/1/5002|0648218803
คุณ|Kran475|AIG475|4/2/5002|0648218803
คุณ|Kran476|AIG476|4/3/5002|0648218803
คุณ|Kran477|AIG477|4/4/5002|0648218803
คุณ|Kran478|AIG478|4/5/5002|0648218803
คุณ|Kran479|AIG479|4/6/5002|0648218803
คุณ|Kran480|AIG480|4/7/5002|0648218803
คุณ|Kran481|AIG481|4/8/5002|0648218803
คุณ|Kran482|AIG482|4/9/5002|0648218803
คุณ|Kran483|AIG483|4/10/5002|0648218803
คุณ|Kran484|AIG484|4/11/5002|0648218803
คุณ|Kran485|AIG485|4/12/5002|0648218803
คุณ|Kran486|AIG486|4/13/5002|0648218803
คุณ|Kran487|AIG487|4/14/5002|0648218803
คุณ|Kran488|AIG488|4/15/5002|0648218803
คุณ|Kran489|AIG489|4/16/5002|0648218803
คุณ|Kran490|AIG490|4/17/5002|0648218803
คุณ|Kran491|AIG491|4/18/5002|0648218803
คุณ|Kran492|AIG492|4/19/5002|0648218803
คุณ|Kran493|AIG493|4/20/5002|0648218803
คุณ|Kran494|AIG494|4/21/5002|0648218803
คุณ|Kran495|AIG495|4/22/5002|0648218803
คุณ|Kran496|AIG496|4/23/5002|0648218803
คุณ|Kran497|AIG497|4/24/5002|0648218803
คุณ|Kran498|AIG498|4/25/5002|0648218803
คุณ|Kran499|AIG499|4/26/5002|0648218803
