First Name,Last Name,phone number
cilent01,last01,0820506485
cilent01,last01,0820506485
cilent01,last01,0820506485
cilent01,last01,0820506485
cilent01,last01,0820506485
cilent01,last01,0820506485
cilent01,last01,0820506485
cilent01,last01,0820506485
cilent01,last01,0820506485
cilent01,last01,0820506485
cilent01,last01,0820506485
cilent01,last01,0820506485
cilent01,last01,0820506485
cilent01,last01,0820506485
cilent01,last01,0820506485
cilent01,last01,0820506485
cilent01,last01,0820506485
cilent01,last01,0820506485
cilent01,last01,0820506485
cilent01,last01,0820506485
cilent01,last01,0820506485
cilent01,last01,0820506485
cilent01,last01,0820506485
cilent01,last01,0820506485
cilent01,last01,0820506485
cilent01,last01,0820506485
cilent01,last01,0820506485
cilent01,last01,0820506485
cilent01,last01,0820506485
cilent01,last01,0820506485
cilent01,last01,0820506485
cilent01,last01,0820506485
cilent01,last01,0820506485
cilent01,last01,0820506485
cilent01,last01,0820506485
cilent01,last01,0820506485
cilent01,last01,0820506485
cilent01,last01,0820506485
cilent01,last01,0820506485
cilent01,last01,0820506485
cilent01,last01,0820506485
cilent01,last01,0820506485
cilent01,last01,0820506485
cilent01,last01,0820506485
cilent01,last01,0820506485
cilent01,last01,0820506485
cilent01,last01,0820506485
cilent01,last01,0820506485
cilent01,last01,0820506485
cilent01,last01,0820506485
